Airline Id,origin_airport,Avg. Gate Delay,Avg. Taxi Out,Avg. Total Departure Delay
AA,LGA,11.5,25.4,35.9
AA,JFK,13.8,28.8,41.8
AA,EWR,10.7,21.6,31.8
AA,FAT,28.1,13.8,41.9
AA,HDN,15.4,17.7,33.1
AA,SFO,11.4,20.7,32.0
AA,LAX,13.1,22.0,35.0
AA,PWM,17.2,14.5,31.6
AA,BOS,12.1,20.8,32.3
AA,SBA,25.3,13.4,38.7
AA,MTJ,9.1,18.5,27.6
AA,PHL,11.8,23.6,35.1
AA,GSO,0.4,26.3,26.7
AA,ORD,12.9,16.9,29.5
AA,JAC,42.2,17.5,59.6
AA,FLL,8.1,17.2,24.9
AA,MIA,13.3,19.6,32.4
AA,PBI,11.0,14.0,24.8
AA,COS,14.5,16.2,30.4
AA,PSP,8.2,13.7,21.8
AA,EGE,11.5,19.1,30.0
AA,DTW,8.4,17.7,25.8
AA,SYR,6.1,16.5,22.7
AA,IAD,14.9,17.8,32.4
AA,GUC,16.8,16.9,33.7
AA,DCA,9.7,22.3,31.5
AA,DFW,12.1,18.1,30.0
AA,GSP,16.3,14.6,30.6
AA,SEA,10.1,20.0,29.8
AA,ILM,11.5,16.8,28.1
AA,RIC,6.9,19.4,26.2
AA,CLT,9.3,20.3,29.3
AA,BUF,6.9,15.0,21.9
AA,RDU,10.0,17.9,27.7
AA,XNA,16.0,13.0,29.0
AA,MSP,8.3,18.4,26.6
AA,MCO,15.3,16.3,31.3
AA,DEN,8.4,17.7,26.0
AA,CHS,10.0,17.6,27.4
AA,ATL,11.8,19.2,30.6
AA,SJU,8.4,17.5,25.1
AA,LAS,10.8,16.6,27.2
AA,ROC,8.8,13.4,21.8
AA,MEM,11.6,18.3,29.9
AA,IAH,12.7,16.6,28.9
AA,SAV,2.9,15.5,18.1
AA,SAN,9.3,19.0,28.0
AA,CLE,12.1,14.7,26.7
AA,ALB,5.1,15.2,20.3
AA,SLC,9.5,17.9,27.2
AA,VPS,21.1,18.0,39.2
AA,JAX,10.0,14.4,24.2
AA,DAY,9.4,15.0,24.4
AA,BZN,16.4,13.8,30.2
AA,STT,16.2,15.3,30.2
AA,BNA,8.5,18.9,27.4
AA,PHX,9.2,17.9,27.0
AA,CVG,7.0,17.4,24.4
AA,MSY,9.6,13.7,23.0
AA,ORF,9.2,15.0,24.0
AA,BWI,7.5,17.6,24.9
AA,MDT,5.7,21.4,27.1
AA,TUS,9.1,13.7,22.6
AA,RSW,7.5,13.1,20.5
AA,ONT,8.1,14.2,22.1
AA,TPA,10.1,13.6,23.4
AA,BOI,5.7,15.9,21.7
AA,PDX,8.8,14.6,23.2
AA,MYR,0.4,17.8,18.2
AA,OAK,4.3,13.0,17.3
AA,PVD,10.5,17.2,27.2
AA,OMA,9.3,15.6,24.6
AA,LBB,24.4,19.1,43.5
AA,DSM,5.4,13.2,18.6
AA,MKE,17.8,14.0,31.8
AA,SAT,11.1,13.8,24.7
AA,IND,7.4,15.6,22.9
AA,GEG,5.9,14.8,20.6
AA,STL,8.6,14.4,22.9
AA,AUS,6.5,13.6,20.0
AA,ELP,4.9,14.2,19.0
AA,SNA,6.3,15.5,21.7
AA,CMH,10.4,14.4,24.6
AA,TUL,10.1,17.0,27.0
AA,MCI,8.4,14.0,22.3
AA,SJC,6.2,15.6,21.8
AA,RNO,3.1,14.3,17.3
AA,ABQ,6.3,13.2,19.5
AA,OKC,10.6,17.6,27.9
AA,ANC,7.7,14.7,22.3
AA,ICT,5.3,14.7,20.0
AA,PIT,6.7,15.0,21.7
AA,MFE,14.9,12.5,27.5
AA,SDF,12.1,16.5,27.7
AA,BDL,6.4,15.3,21.5
AA,STX,9.3,14.0,23.2
AA,PNS,1.0,14.2,15.2
AA,SMF,6.2,14.5,20.6
AA,HNL,7.5,19.7,27.0
AA,AMA,8.5,15.3,23.1
AA,MHT,32.7,14.0,46.7
AA,CRP,0.0,12.3,12.3
AA,OGG,6.6,13.2,19.8
AA,KOA,12.6,13.0,25.4
AA,LIH,8.0,14.5,22.4
AS,JFK,7.6,24.9,32.4
AS,EWR,13.1,26.4,39.2
AS,SFO,14.9,20.7,35.0
AS,LAX,8.5,21.8,30.1
AS,BOS,8.3,24.3,32.3
AS,SBA,12.9,15.2,28.1
AS,PHL,8.2,19.1,27.2
AS,ORD,14.8,20.4,35.1
AS,FLL,16.2,18.6,34.4
AS,PSP,16.8,12.3,29.0
AS,DTW,7.4,15.6,22.9
AS,IAD,4.2,25.8,29.1
AS,DCA,5.2,20.7,25.8
AS,DFW,5.9,17.7,23.5
AS,SEA,8.5,20.3,28.7
AS,RDU,5.6,15.0,20.6
AS,MSP,4.1,21.3,25.3
AS,MCO,10.8,16.6,27.0
AS,DEN,6.3,16.2,22.4
AS,CHS,5.9,15.1,21.0
AS,ATL,4.2,16.6,20.8
AS,LAS,13.4,16.3,29.7
AS,IAH,6.8,16.1,22.6
AS,SAN,6.9,17.2,24.1
AS,BUR,5.7,15.7,21.4
AS,SLC,3.6,16.3,19.8
AS,ADK,8.4,17.9,26.3
AS,BNA,5.1,16.7,21.8
AS,PHX,3.3,12.7,16.0
AS,MSY,9.6,15.0,24.6
AS,BWI,8.6,16.0,24.5
AS,TUS,6.4,13.0,19.4
AS,ONT,5.2,14.3,19.3
AS,TPA,7.9,15.6,23.5
AS,BOI,0.7,14.1,14.8
AS,PDX,9.5,15.2,24.7
AS,BLI,3.9,13.7,17.6
AS,OAK,8.0,14.0,22.0
AS,OMA,6.9,12.5,19.4
AS,KTN,11.3,11.1,22.5
AS,SAT,4.6,12.8,17.4
AS,IND,7.6,13.5,21.0
AS,GEG,7.6,16.0,23.4
AS,STL,13.3,14.6,27.8
AS,AUS,8.2,13.0,21.2
AS,SNA,6.1,13.8,19.7
AS,MCI,9.5,14.5,24.0
AS,SJC,7.7,13.2,20.9
AS,ABQ,0.7,12.4,13.1
AS,ANC,10.3,13.2,23.4
AS,SMF,5.5,13.7,19.2
AS,JNU,8.4,12.8,21.1
AS,HNL,5.0,21.4,26.3
AS,PSG,11.6,9.1,20.8
AS,SIT,7.3,11.5,18.7
AS,CDV,8.6,10.4,19.0
AS,DLG,6.3,10.6,16.9
AS,OGG,8.8,12.8,21.5
AS,FAI,2.1,13.8,15.8
AS,KOA,8.3,14.8,23.1
AS,BET,8.0,8.3,16.1
AS,GST,3.8,12.7,14.9
AS,LIH,6.2,12.7,18.8
AS,OME,6.4,7.5,14.0
AS,OTZ,6.2,7.8,13.8
AS,YAK,5.3,8.6,13.6
AS,SCC,4.6,8.5,12.9
AS,WRG,4.9,7.4,12.1
AS,ADQ,3.9,6.6,10.2
AS,BRW,2.8,7.5,10.0
AS,AKN,0.0,6.6,6.6
B6,MVY,46.7,10.6,57.4
B6,ACK,35.1,13.8,48.2
B6,LGA,17.5,24.7,41.0
B6,JFK,16.1,26.3,41.7
B6,HYA,28.5,13.0,41.5
B6,EWR,21.9,20.9,42.0
B6,SFO,18.4,18.7,36.9
B6,BQN,22.6,11.5,33.6
B6,BTV,23.4,15.2,38.4
B6,LAX,19.6,18.6,38.1
B6,PWM,19.7,14.7,33.7
B6,BOS,16.6,19.0,35.2
B6,PHL,22.0,21.5,43.1
B6,HPN,18.2,13.7,31.5
B6,ORD,16.5,18.9,34.8
B6,FLL,24.9,17.4,41.8
B6,PBI,23.7,14.3,37.4
B6,PSP,16.3,11.8,28.1
B6,DTW,10.3,16.1,25.8
B6,SWF,21.1,12.9,33.6
B6,SYR,20.4,17.1,36.8
B6,IAD,28.5,18.1,46.2
B6,DCA,12.8,17.6,29.9
B6,DFW,24.2,19.8,43.7
B6,SEA,21.1,17.1,38.0
B6,RIC,7.6,11.1,18.3
B6,CLT,15.2,21.9,36.1
B6,BUF,20.7,12.5,32.9
B6,RDU,13.9,16.4,29.8
B6,MCO,21.6,16.3,37.2
B6,DEN,4.8,15.7,20.4
B6,CHS,15.5,14.5,29.6
B6,ATL,27.5,19.3,46.8
B6,SJU,20.1,11.8,31.3
B6,LAS,18.9,15.8,34.6
B6,SRQ,17.4,13.4,30.2
B6,ROC,17.1,13.1,29.2
B6,DAB,29.2,14.8,43.3
B6,SAV,22.4,14.5,36.7
B6,SAN,14.2,17.0,30.7
B6,CLE,11.8,13.1,25.0
B6,BUR,18.5,15.1,33.6
B6,ALB,22.8,12.8,35.2
B6,SLC,11.2,14.3,25.3
B6,JAX,21.3,13.2,34.1
B6,HOU,34.2,14.4,48.3
B6,STT,10.3,10.5,19.9
B6,BNA,16.5,13.2,29.7
B6,LGB,13.9,13.1,26.9
B6,PHX,5.1,13.8,18.7
B6,MSY,15.1,12.4,27.4
B6,BWI,13.8,15.5,29.0
B6,RSW,22.0,14.1,35.6
B6,TPA,19.0,13.9,32.4
B6,PDX,8.1,15.2,23.1
B6,OAK,7.9,12.3,19.9
B6,PVD,16.7,12.5,28.2
B6,AUS,14.4,13.4,27.6
B6,SJC,10.8,13.7,24.3
B6,RNO,8.0,13.1,21.2
B6,ORH,11.0,12.4,22.4
B6,ABQ,0.0,10.9,10.5
B6,ANC,-10.7,13.3,2.7
B6,PIT,10.3,13.2,23.2
B6,BDL,14.4,13.3,27.3
B6,STX,10.5,9.7,19.2
B6,SMF,7.2,13.1,20.2
B6,PSE,9.7,11.9,20.1
DL,BGR,2.3,11.8,14.0
DL,LGA,24.1,27.9,51.7
DL,JFK,13.3,30.1,43.0
DL,FAY,0.6,13.8,13.9
DL,EWR,17.0,20.1,37.0
DL,SBN,0.3,11.3,11.7
DL,AVL,4.9,17.1,22.0
DL,OAJ,35.5,12.2,47.6
DL,AGS,5.7,18.7,23.9
DL,HDN,9.1,12.6,21.7
DL,SFO,14.4,21.4,35.7
DL,BTV,14.7,14.4,29.1
DL,CHA,3.5,17.0,20.5
DL,LAX,14.0,18.2,32.1
DL,PWM,29.0,14.3,43.1
DL,BOS,16.4,21.4,37.7
DL,ROA,4.6,16.8,21.1
DL,MTJ,2.4,17.8,20.2
DL,PHL,12.4,21.2,33.4
DL,GNV,4.1,14.0,18.0
DL,HPN,6.5,13.0,19.5
DL,GSO,9.9,16.5,26.3
DL,ORD,12.3,18.2,30.3
DL,JAC,12.5,17.8,30.3
DL,AVP,16.6,18.1,34.7
DL,FLL,10.7,17.2,27.5
DL,MIA,13.3,18.7,31.5
DL,FSD,14.4,16.4,30.8
DL,PBI,14.8,16.1,30.6
DL,COS,2.7,22.0,24.1
DL,GPT,12.4,14.7,27.1
DL,BTR,7.5,16.5,24.0
DL,ABE,4.0,12.9,16.9
DL,CHO,20.2,12.0,31.8
DL,PSP,40.2,18.1,58.3
DL,EGE,22.6,15.3,37.9
DL,DTW,10.9,17.9,28.8
DL,TRI,14.2,17.7,31.9
DL,CAK,8.7,14.8,23.4
DL,SYR,12.8,15.4,27.7
DL,IAD,10.4,17.0,27.2
DL,DCA,12.8,18.9,31.5
DL,DFW,10.6,16.5,27.0
DL,TVC,2.6,13.4,16.0
DL,GSP,9.1,16.6,25.4
DL,SEA,9.0,18.8,27.8
DL,ILM,2.5,13.0,14.8
DL,RIC,8.5,17.2,25.4
DL,CLT,7.6,21.6,28.9
DL,CID,1.0,16.5,17.1
DL,BUF,10.6,14.8,25.3
DL,FAR,4.8,20.6,25.2
DL,EVV,3.7,14.5,18.2
DL,PSC,2.3,11.5,13.9
DL,RDU,9.7,17.2,26.9
DL,XNA,15.8,14.5,30.4
DL,CRW,5.4,14.7,20.1
DL,MSP,9.9,16.7,26.6
DL,LFT,7.1,14.7,21.4
DL,MCO,11.2,15.3,26.3
DL,MSO,9.1,15.9,25.0
DL,DEN,11.4,16.5,27.8
DL,CHS,8.0,15.9,23.8
DL,ATL,10.1,16.9,26.7
DL,MLB,11.4,16.4,27.5
DL,BIS,2.7,18.5,21.3
DL,LEX,9.6,15.5,25.0
DL,GRR,12.0,12.6,24.5
DL,SJU,12.7,14.5,26.6
DL,LAS,10.4,15.7,26.0
DL,SRQ,13.1,13.6,26.5
DL,TYS,9.3,16.6,25.4
DL,FNT,6.0,10.5,16.5
DL,ROC,10.9,15.5,25.9
DL,DAB,9.3,14.1,23.1
DL,SHV,4.5,10.2,14.7
DL,MEM,8.9,15.8,24.4
DL,GRB,21.4,18.3,39.7
DL,IAH,11.4,13.8,24.8
DL,SAV,6.7,17.4,23.8
DL,MOB,5.2,16.3,21.6
DL,SAN,8.9,18.8,27.6
DL,CLE,6.7,13.5,20.1
DL,ALB,16.6,15.2,31.6
DL,SLC,7.6,17.6,25.1
DL,VPS,8.2,17.4,25.1
DL,BHM,8.5,17.8,26.1
DL,HSV,11.5,17.2,28.7
DL,JAX,6.2,15.5,21.4
DL,DAL,13.5,14.2,27.4
DL,DAY,9.3,13.9,23.0
DL,BZN,5.0,14.8,19.8
DL,HOU,11.3,12.8,23.7
DL,STT,7.4,13.3,20.4
DL,BNA,9.6,15.7,25.2
DL,PHX,11.6,16.1,27.6
DL,SGF,2.1,20.7,22.8
DL,CVG,5.9,13.2,19.1
DL,MSY,14.9,14.5,29.4
DL,ORF,8.4,12.3,20.4
DL,MSN,6.8,14.3,21.1
DL,CAE,4.5,15.8,19.8
DL,BWI,15.6,15.4,30.8
DL,MDT,6.0,12.8,18.7
DL,TUS,9.0,14.7,23.4
DL,ATW,4.8,16.8,21.4
DL,RSW,7.7,13.5,21.0
DL,ONT,10.6,13.6,24.2
DL,TPA,11.0,14.2,25.1
DL,BOI,3.4,15.2,18.5
DL,FCA,1.2,14.1,15.4
DL,MDW,9.2,13.6,22.7
DL,PDX,7.0,12.8,19.8
DL,MYR,3.3,14.0,17.2
DL,LIT,7.6,15.0,22.4
DL,TLH,8.9,14.7,23.3
DL,OAK,4.8,15.5,20.2
DL,RAP,33.6,13.8,47.5
DL,PVD,8.1,14.7,22.2
DL,OMA,9.4,14.4,23.8
DL,DSM,9.1,13.3,22.3
DL,BMI,0.4,17.2,17.6
DL,MKE,7.2,14.0,21.1
DL,SAT,9.7,14.4,23.9
DL,IND,12.3,14.9,27.1
DL,GEG,10.0,16.1,26.1
DL,STL,8.0,12.4,20.2
DL,AUS,11.5,13.2,24.7
DL,ELP,8.9,13.3,22.1
DL,GTF,0.1,11.7,11.9
DL,SNA,8.9,15.5,24.4
DL,CMH,4.9,13.5,18.3
DL,ECP,6.1,14.7,20.6
DL,TUL,9.7,14.2,23.7
DL,MCI,10.8,13.6,24.3
DL,SJC,6.0,16.1,22.2
DL,RNO,13.3,14.0,27.3
DL,ABQ,10.2,12.8,22.7
DL,OKC,2.1,12.1,14.1
DL,ANC,5.6,14.5,20.1
DL,ICT,3.7,11.7,15.4
DL,PIT,6.8,13.7,20.4
DL,JAN,7.8,15.3,23.0
DL,SDF,4.7,16.1,20.7
DL,BDL,6.6,14.0,20.4
DL,STX,10.4,11.0,21.4
DL,PNS,7.4,15.7,22.7
DL,SMF,9.2,14.3,23.5
DL,JNU,17.4,14.3,31.6
DL,HNL,5.7,19.5,25.3
DL,PHF,1.6,13.7,15.2
DL,BIL,2.4,12.6,15.0
DL,MHT,1.2,15.7,16.9
DL,EYW,6.8,9.3,15.8
DL,OGG,2.4,12.7,15.1
DL,FAI,2.8,18.5,21.3
DL,KOA,8.7,14.4,22.9
DL,LIH,5.2,12.3,17.6
EV,TXK,107.5,13.0,114.0
EV,ABI,49.5,14.0,63.5
EV,BGR,22.9,19.9,40.1
EV,GGG,36.0,15.0,51.0
EV,BQK,19.5,19.2,38.3
EV,SPS,30.8,17.3,47.4
EV,JLN,29.4,17.1,46.5
EV,LGA,24.8,33.0,56.0
EV,ABY,28.5,12.2,40.7
EV,FAY,30.7,14.2,44.6
EV,EWR,16.3,24.3,39.2
EV,SBN,36.9,18.1,54.2
EV,AVL,16.7,16.5,32.8
EV,OAJ,19.6,16.4,36.0
EV,MGM,17.9,15.3,33.0
EV,AGS,24.7,16.5,40.9
EV,HDN,0.0,13.8,13.8
EV,MEI,23.2,13.8,36.9
EV,PIB,31.2,19.6,50.1
EV,BTV,19.5,19.5,37.9
EV,CHA,22.3,16.3,38.4
EV,DHN,19.3,16.7,35.7
EV,PWM,22.4,16.4,37.7
EV,BOS,8.8,22.3,30.0
EV,ROA,23.4,16.5,39.7
EV,FWA,15.0,14.8,29.3
EV,MLU,21.9,14.2,35.7
EV,SCE,17.1,19.5,34.5
EV,MTJ,0.7,12.5,11.7
EV,PHL,2.3,15.7,18.0
EV,GRK,18.4,15.7,33.9
EV,GNV,25.5,14.5,39.8
EV,HPN,20.3,17.5,37.5
EV,GSO,24.5,19.7,43.3
EV,CSG,21.0,13.0,33.7
EV,ORD,10.2,20.3,30.1
EV,AEX,17.3,15.8,32.6
EV,AVP,14.1,18.2,31.9
EV,ELM,15.0,17.9,32.4
EV,VLD,14.0,18.9,32.6
EV,LAN,22.6,15.4,37.5
EV,FSD,24.5,17.4,41.2
EV,PBI,0.0,15.0,15.0
EV,COS,30.4,15.6,46.0
EV,LAW,16.2,15.9,31.8
EV,GPT,23.8,13.0,36.2
EV,BTR,15.1,13.9,28.6
EV,ABE,19.2,14.1,32.3
EV,PIA,8.2,15.0,22.9
EV,CHO,4.2,15.7,19.9
EV,DTW,18.8,20.7,38.9
EV,ERI,7.4,15.1,22.5
EV,TRI,20.3,13.2,33.0
EV,CAK,25.1,19.2,43.8
EV,SYR,20.3,20.6,40.1
EV,IAD,30.6,30.4,60.9
EV,DCA,20.3,26.9,46.1
EV,DFW,15.2,20.4,35.3
EV,TVC,22.2,16.1,37.3
EV,RST,17.0,15.7,32.7
EV,GSP,24.0,15.6,39.4
EV,ILM,22.6,13.2,35.5
EV,RIC,23.5,18.6,41.5
EV,CLT,29.3,28.3,57.3
EV,CID,23.7,12.8,36.6
EV,COU,33.3,20.0,53.3
EV,BUF,32.1,18.0,48.1
EV,FAR,28.3,17.7,45.6
EV,EVV,10.6,16.1,26.5
EV,AZO,8.1,15.4,22.8
EV,RDU,75.2,22.0,96.3
EV,XNA,16.4,14.7,30.6
EV,SAF,15.8,14.7,30.0
EV,GRI,10.5,18.4,28.9
EV,CRW,17.1,14.1,31.0
EV,MSP,23.2,24.5,47.1
EV,LFT,14.8,14.5,29.0
EV,MCO,38.5,19.0,57.5
EV,CHS,28.5,19.1,46.7
EV,ATL,14.4,18.7,32.8
EV,MLB,22.0,14.5,36.5
EV,EWN,12.9,15.3,28.1
EV,BIS,0.0,20.5,20.5
EV,LEX,15.4,14.2,29.2
EV,GRR,17.5,17.2,33.7
EV,TYS,6.3,16.2,22.0
EV,FNT,18.8,14.3,33.1
EV,ROC,25.6,19.8,44.7
EV,SHV,15.1,12.8,27.6
EV,MEM,20.1,16.1,35.1
EV,GRB,10.3,14.2,24.3
EV,IAH,5.7,17.2,22.4
EV,SAV,19.3,16.2,34.8
EV,MOB,12.1,14.4,26.3
EV,CLE,16.3,16.9,32.7
EV,ALB,20.4,25.9,46.3
EV,VPS,10.2,15.3,24.9
EV,BHM,13.3,15.3,28.4
EV,HSV,7.3,14.1,21.2
EV,JAX,46.5,16.1,61.8
EV,DAL,0.7,13.0,9.3
EV,DAY,18.6,14.4,32.8
EV,MLI,10.7,15.0,25.4
EV,HOU,32.2,15.7,47.2
EV,BNA,20.4,16.6,36.5
EV,MAF,11.5,12.7,23.6
EV,SPI,56.9,15.1,72.0
EV,SGF,10.6,15.3,25.4
EV,TYR,9.3,16.1,25.4
EV,CVG,31.4,16.8,48.2
EV,MSY,4.8,11.6,16.5
EV,ORF,22.5,18.9,41.0
EV,MSN,17.6,14.4,31.8
EV,CAE,12.0,16.0,27.6
EV,BWI,19.2,28.2,46.5
EV,MDT,13.9,11.0,24.9
EV,TUS,7.9,14.3,22.2
EV,ATW,8.5,12.6,20.6
EV,RSW,12.3,12.0,24.3
EV,LRD,11.2,13.3,24.4
EV,MDW,26.6,16.4,43.0
EV,MYR,20.0,13.7,33.3
EV,LIT,12.7,15.5,28.1
EV,TLH,12.0,14.6,26.6
EV,RAP,0.0,16.0,16.0
EV,PVD,15.9,19.4,34.9
EV,OMA,15.4,14.4,29.5
EV,LBB,12.9,14.0,26.1
EV,DSM,11.7,15.6,26.6
EV,BMI,7.6,14.4,21.5
EV,MKE,13.1,15.7,28.3
EV,SAT,5.8,13.8,18.8
EV,FSM,11.8,13.1,24.6
EV,IND,18.3,15.3,33.0
EV,LNK,8.4,13.3,21.4
EV,BRO,10.8,12.6,23.2
EV,STL,14.9,16.8,31.2
EV,AUS,12.1,20.9,31.5
EV,ELP,10.1,14.5,24.1
EV,CMH,17.4,16.2,33.5
EV,ECP,24.8,14.2,38.2
EV,TUL,10.5,13.9,24.0
EV,MCI,29.9,16.1,45.1
EV,SJT,9.8,12.6,22.4
EV,ROW,2.9,11.6,13.2
EV,ABQ,6.9,12.3,18.9
EV,OKC,10.4,15.2,24.6
EV,ICT,7.8,13.3,21.0
EV,PIT,27.0,20.2,45.1
EV,CLL,9.8,12.5,21.9
EV,MFE,8.9,11.3,20.2
EV,GTR,2.0,16.9,18.1
EV,JAN,7.1,14.0,20.7
EV,SDF,19.4,16.5,34.8
EV,MHK,10.3,11.1,21.3
EV,BDL,14.7,19.0,33.7
EV,PNS,8.7,13.7,21.8
EV,CWA,0.3,8.6,8.1
EV,PHF,9.8,13.9,23.7
EV,AMA,4.4,12.3,16.3
EV,ACT,8.8,12.1,20.5
EV,HRL,5.9,11.2,16.5
EV,MHT,11.5,18.1,28.8
EV,CRP,8.4,11.8,19.9
EV,LCH,5.9,12.5,17.9
EV,EYW,12.5,9.6,22.1
EV,GCK,2.5,15.4,17.1
EV,HOB,1.4,11.3,12.5
EV,SUX,0.0,7.5,7.5
F9,LGA,12.2,27.2,38.9
F9,TTN,23.6,13.3,36.9
F9,SFO,14.2,22.6,36.4
F9,LAX,16.7,20.1,36.4
F9,PHL,11.7,20.8,31.9
F9,GSO,4.4,12.5,16.9
F9,ORD,16.0,20.3,36.0
F9,FLL,37.5,17.8,54.5
F9,MIA,9.6,18.6,28.1
F9,FSD,15.0,10.9,25.9
F9,PBI,47.1,16.7,63.8
F9,COS,13.0,14.6,27.4
F9,PSP,2.0,12.8,14.8
F9,DTW,16.0,15.5,31.3
F9,IAD,17.3,18.3,35.4
F9,DCA,7.8,17.8,25.6
F9,DFW,9.5,19.0,28.5
F9,SEA,12.4,16.9,29.1
F9,CLT,5.6,17.9,23.6
F9,CID,18.0,11.7,29.7
F9,BUF,4.0,32.0,36.0
F9,RDU,20.3,15.3,35.5
F9,MSP,10.7,20.1,30.7
F9,MCO,16.1,15.9,31.8
F9,MSO,21.7,13.0,34.7
F9,DEN,17.4,15.8,33.1
F9,ATL,8.6,16.8,25.4
F9,BIS,3.2,10.5,13.6
F9,GRR,44.8,19.3,64.0
F9,SJU,14.1,11.6,25.0
F9,LAS,10.7,16.0,26.7
F9,TYS,9.0,11.5,20.5
F9,MEM,16.4,14.8,31.1
F9,IAH,17.7,15.9,33.3
F9,SAN,11.5,15.4,26.9
F9,CLE,15.6,13.2,28.7
F9,SLC,8.4,15.2,23.4
F9,BZN,0.0,10.0,10.0
F9,BNA,11.6,12.0,23.6
F9,PHX,15.2,16.0,31.2
F9,CVG,15.0,13.2,28.2
F9,MSY,15.2,12.1,27.2
F9,MSN,30.8,13.3,44.1
F9,RSW,21.8,14.2,35.9
F9,ONT,8.0,11.2,18.4
F9,TPA,18.2,15.0,32.8
F9,PDX,19.3,13.7,33.0
F9,PVD,20.9,16.2,37.0
F9,OMA,10.5,12.2,22.7
F9,DSM,15.2,10.8,25.9
F9,MKE,16.0,13.8,29.4
F9,SAT,15.9,13.9,29.7
F9,IND,7.6,13.1,20.6
F9,STL,7.3,13.8,21.0
F9,AUS,12.6,14.4,27.0
F9,SNA,6.8,11.4,18.2
F9,CMH,12.8,12.9,25.2
F9,MCI,8.3,11.7,19.7
F9,SJC,19.9,15.4,35.3
F9,RNO,17.0,9.7,26.7
F9,ABQ,16.6,12.1,28.7
F9,OKC,3.4,12.1,15.6
F9,PGD,10.6,12.0,22.1
F9,PIT,7.5,12.5,20.0
F9,ISP,31.6,13.8,45.2
F9,UST,2.0,11.8,13.8
HA,JFK,62.7,20.5,83.1
HA,SFO,23.6,19.8,43.4
HA,LAX,51.4,17.7,69.1
HA,SEA,49.5,23.8,73.4
HA,LAS,8.4,13.9,22.3
HA,SAN,18.1,21.2,39.3
HA,PHX,2.0,14.7,16.8
HA,PDX,12.0,15.0,27.0
HA,OAK,9.8,14.6,24.5
HA,SJC,20.0,13.2,33.1
HA,SMF,1.8,13.4,15.2
HA,HNL,4.1,14.2,18.3
HA,OGG,6.3,8.3,14.5
HA,KOA,2.9,9.9,12.8
HA,LIH,4.7,7.8,12.6
HA,PPG,2.3,12.4,14.7
HA,ITO,4.6,8.8,13.4
NK,LGA,14.5,21.7,34.9
NK,EWR,13.6,19.5,31.9
NK,BQN,10.8,14.7,24.2
NK,LAX,12.8,15.7,28.2
NK,BOS,18.6,17.0,35.0
NK,PHL,18.2,19.0,36.2
NK,ORD,13.4,16.7,29.6
NK,FLL,13.4,15.2,28.0
NK,PBI,17.1,13.6,29.7
NK,DTW,12.0,14.6,26.2
NK,CAK,16.2,10.9,26.7
NK,DFW,9.7,17.1,26.4
NK,SEA,13.3,16.2,29.3
NK,CRW,9.0,8.0,17.0
NK,MSP,11.7,16.3,27.4
NK,MCO,13.0,15.4,27.8
NK,DEN,11.9,14.1,25.6
NK,ATL,15.1,15.8,30.4
NK,SJU,13.7,12.2,25.0
NK,LAS,8.9,15.3,23.8
NK,IAH,12.1,13.8,25.2
NK,SAN,12.9,16.7,29.3
NK,CLE,13.4,12.5,25.7
NK,PBG,9.8,16.8,25.9
NK,STT,25.0,14.4,36.6
NK,PHX,4.1,12.3,16.0
NK,MSY,18.3,12.6,30.7
NK,BWI,14.8,13.7,28.0
NK,RSW,11.2,12.8,24.0
NK,TPA,10.2,12.1,22.0
NK,PDX,24.9,13.3,37.6
NK,MYR,14.7,10.6,25.0
NK,OAK,13.9,13.9,27.3
NK,ACY,12.5,11.9,23.9
NK,IAG,10.4,14.1,23.0
NK,MCI,16.9,10.0,26.9
NK,PIT,6.2,12.3,18.0
NK,BDL,9.1,12.6,21.3
NK,LBE,7.7,13.3,20.5
OO,TOL,53.3,14.8,68.1
OO,BGR,52.9,18.5,70.8
OO,BQK,50.6,22.5,73.1
OO,LGA,13.1,29.3,41.9
OO,OTH,29.8,14.5,43.8
OO,BJI,27.2,16.4,43.6
OO,ISN,19.0,24.1,42.9
OO,ABY,33.8,25.3,59.0
OO,IFP,25.2,16.6,41.8
OO,LAR,24.0,18.5,41.5
OO,FAY,49.4,16.6,66.0
OO,ASE,22.7,17.5,39.4
OO,EWR,25.2,26.5,51.0
OO,FAT,22.4,16.7,39.1
OO,PLN,24.6,14.8,38.2
OO,SBN,18.3,18.4,36.4
OO,CIU,21.3,17.5,38.1
OO,AVL,18.2,20.2,37.9
OO,MGM,24.0,18.5,41.3
OO,SBP,19.6,17.8,37.2
OO,AGS,46.1,20.1,66.2
OO,HDN,29.3,18.0,46.5
OO,MEI,20.8,16.0,36.8
OO,SFO,18.9,24.5,42.6
OO,BTM,21.0,16.5,36.7
OO,PIB,11.7,16.9,28.6
OO,ITH,15.1,21.8,36.4
OO,MOT,19.5,17.0,36.4
OO,HYS,23.7,12.7,36.0
OO,BTV,4.5,11.0,15.5
OO,BGM,18.5,16.9,35.3
OO,MQT,17.9,18.0,35.1
OO,CHA,23.1,16.9,39.8
OO,DHN,13.6,20.7,33.8
OO,LAX,18.1,22.3,40.2
OO,PWM,35.4,19.5,53.8
OO,BOS,11.5,27.8,39.3
OO,ROA,26.5,19.9,45.0
OO,FWA,17.6,17.2,34.7
OO,SBA,19.1,17.1,35.9
OO,MLU,6.6,18.2,24.1
OO,SCE,15.2,19.0,34.2
OO,MTJ,49.6,16.8,66.4
OO,RDM,17.7,16.7,34.0
OO,PHL,29.4,23.5,52.9
OO,RHI,14.9,20.2,33.8
OO,GNV,9.4,27.3,36.7
OO,GSO,12.1,16.3,28.4
OO,ACV,20.7,13.8,33.7
OO,CSG,10.0,16.2,26.2
OO,ORD,15.3,22.5,37.4
OO,JAC,10.0,17.7,26.9
OO,CGI,16.3,16.3,32.7
OO,AEX,0.0,16.0,16.0
OO,AVP,15.6,16.8,32.0
OO,VLD,8.5,18.5,27.0
OO,STS,15.4,17.8,32.3
OO,MRY,14.7,17.9,32.2
OO,LAN,13.5,16.4,29.7
OO,FLL,5.0,14.5,16.6
OO,MIA,0.0,,0.0
OO,FSD,14.9,19.5,34.1
OO,PBI,0.0,13.0,13.0
OO,COS,11.7,21.6,33.1
OO,BTR,66.9,18.2,83.2
OO,ABE,18.1,19.6,37.4
OO,PIA,16.1,17.3,33.0
OO,CHO,19.5,16.2,35.2
OO,PSP,19.3,17.0,35.9
OO,MFR,15.4,17.0,32.0
OO,DLH,13.6,18.3,31.2
OO,EGE,13.6,14.5,28.1
OO,MMH,21.8,17.6,31.1
OO,DTW,15.2,21.8,36.9
OO,ERI,14.5,19.7,34.0
OO,SWF,11.0,16.2,26.9
OO,TRI,8.7,18.3,27.0
OO,CAK,14.0,18.2,32.2
OO,SYR,2.9,21.1,23.8
OO,IAD,7.2,20.2,27.2
OO,DCA,7.0,18.9,25.8
OO,DFW,17.7,22.1,39.5
OO,TVC,15.6,16.9,32.2
OO,RST,9.9,18.4,28.0
OO,GSP,13.9,16.5,30.2
OO,SEA,13.7,21.0,34.6
OO,ILM,23.8,16.5,39.7
OO,RIC,22.6,17.9,40.1
OO,CLT,19.9,23.3,42.6
OO,CID,13.0,16.9,29.7
OO,COU,11.5,15.9,27.5
OO,BUF,19.1,19.0,37.9
OO,FAR,9.7,18.1,27.7
OO,EVV,20.2,18.6,38.6
OO,PSC,13.7,17.3,30.8
OO,AZO,15.7,17.4,32.4
OO,HIB,9.4,20.1,29.2
OO,RDU,18.8,20.7,39.4
OO,XNA,11.3,15.7,26.7
OO,SUN,15.6,15.0,28.9
OO,SAF,7.8,17.4,25.2
OO,CRW,11.9,16.2,27.7
OO,MSP,10.7,22.8,33.3
OO,LFT,17.1,17.1,33.1
OO,ESC,14.6,14.2,28.6
OO,MCO,15.3,24.8,40.0
OO,MSO,13.1,17.0,30.0
OO,DEN,11.1,21.0,32.0
OO,CHS,41.2,17.8,59.0
OO,ATL,15.7,20.7,36.0
OO,LSE,11.6,16.6,28.0
OO,BIS,16.5,15.3,31.6
OO,LEX,11.5,16.8,28.2
OO,GRR,21.6,17.1,38.4
OO,LAS,11.3,18.9,30.2
OO,TYS,19.6,17.8,36.9
OO,FNT,20.9,17.6,38.2
OO,ROC,17.1,18.1,34.9
OO,SHV,11.0,14.5,25.3
OO,CPR,14.3,12.8,27.1
OO,MEM,8.9,15.7,24.1
OO,GRB,10.3,15.3,25.3
OO,IAH,13.3,19.7,32.6
OO,SAV,8.5,16.2,24.7
OO,IMT,11.6,15.9,26.8
OO,EUG,10.2,16.9,27.0
OO,UIN,10.8,15.8,26.7
OO,MOB,12.4,20.0,32.1
OO,SAN,8.8,19.3,28.0
OO,CLE,11.9,18.6,30.4
OO,BUR,15.1,18.5,33.2
OO,ALB,15.0,18.8,33.7
OO,ALO,13.0,13.4,26.4
OO,SLC,8.0,20.6,28.4
OO,GFK,7.2,19.2,26.3
OO,VPS,0.0,11.0,11.0
OO,BHM,8.8,16.6,25.4
OO,HSV,12.0,17.2,28.8
OO,YUM,12.3,13.8,26.1
OO,JAX,19.3,17.8,37.1
OO,DAL,13.9,16.5,30.4
OO,DAY,11.7,16.9,28.4
OO,BZN,11.8,16.1,27.7
OO,MLI,8.8,17.4,26.0
OO,BNA,17.1,17.5,34.4
OO,MAF,18.1,16.6,34.6
OO,IDA,10.6,15.1,25.6
OO,SPI,7.8,13.9,21.2
OO,LGB,8.9,15.2,23.9
OO,PHX,7.8,21.1,28.8
OO,SGF,11.0,16.0,26.7
OO,ABR,8.0,17.4,25.2
OO,CVG,12.9,16.9,29.6
OO,MSY,0.1,14.9,15.0
OO,WYS,10.3,14.7,25.1
OO,ORF,11.2,16.4,27.6
OO,HLN,4.9,20.1,24.9
OO,APN,10.3,15.1,24.9
OO,MSN,11.1,15.5,26.3
OO,BWI,2.3,18.1,20.4
OO,MDT,15.7,16.0,31.5
OO,TUS,12.5,18.2,30.4
OO,ATW,10.8,17.9,28.3
OO,RSW,0.0,14.5,14.5
OO,ONT,23.0,16.4,38.7
OO,TPA,21.8,21.3,43.0
OO,MBS,8.5,16.3,24.6
OO,BOI,12.4,16.9,29.2
OO,FCA,9.0,18.4,27.3
OO,CMX,5.8,20.0,24.3
OO,MDW,17.2,19.7,36.5
OO,PDX,10.3,16.5,26.6
OO,LIT,9.7,15.6,25.3
OO,BLI,15.4,17.1,31.6
OO,OAK,24.0,15.9,39.9
OO,RAP,8.2,15.0,23.1
OO,GJT,9.0,15.1,23.9
OO,PVD,4.8,19.3,24.1
OO,OMA,10.5,17.9,28.2
OO,RDD,10.5,13.7,23.8
OO,LBB,13.5,12.5,26.0
OO,DSM,16.2,15.8,32.0
OO,BMI,10.0,16.0,25.9
OO,MKE,10.7,16.4,27.0
OO,DVL,5.5,19.9,23.6
OO,KTN,27.9,18.8,46.7
OO,SAT,16.2,16.0,32.2
OO,FSM,0.0,16.9,15.8
OO,IND,13.1,15.6,28.5
OO,FLG,5.4,18.2,23.4
OO,LNK,8.4,15.8,24.0
OO,GEG,11.0,18.6,29.3
OO,INL,6.9,16.8,23.3
OO,PAH,11.6,12.2,23.2
OO,STL,14.0,16.6,30.6
OO,BFL,4.9,18.2,23.1
OO,AUS,10.5,16.5,26.9
OO,ELP,7.8,17.2,25.0
OO,GTF,8.4,15.0,23.4
OO,SNA,10.1,15.1,24.8
OO,CMH,13.7,15.5,29.0
OO,BRD,6.8,16.0,22.8
OO,TUL,12.7,15.8,28.4
OO,GCC,7.2,15.7,22.5
OO,MCI,14.8,17.2,31.9
OO,SJC,6.9,15.4,22.2
OO,RNO,16.2,19.2,34.9
OO,ROW,9.4,15.4,24.8
OO,ABQ,10.3,15.0,25.3
OO,JMS,8.7,14.1,22.3
OO,OKC,12.3,16.0,28.2
OO,ICT,12.4,15.4,27.5
OO,PIT,10.7,17.0,27.2
OO,MFE,0.0,10.0,10.0
OO,GTR,6.1,18.9,25.0
OO,SGU,7.2,14.6,21.7
OO,SDF,9.4,20.0,29.0
OO,MHK,6.7,16.4,22.6
OO,BDL,8.4,16.2,24.6
OO,SMF,12.9,18.8,31.4
OO,PIH,6.6,14.7,21.3
OO,EAU,7.3,14.0,21.3
OO,CWA,14.7,13.0,27.1
OO,AMA,0.0,39.0,39.0
OO,MKG,5.9,15.3,20.2
OO,EKO,7.3,13.1,20.0
OO,HRL,38.3,13.8,52.1
OO,SIT,18.4,17.9,36.3
OO,TWF,5.3,13.9,19.2
OO,COD,2.8,16.5,19.0
OO,BIL,7.9,14.6,22.4
OO,MHT,10.3,18.7,29.0
OO,CRP,1.9,11.9,13.3
OO,DRO,4.8,14.1,18.6
OO,CKB,0.8,17.6,18.4
OO,RKS,2.7,15.8,18.1
OO,LWS,2.3,12.1,14.4
OO,CDC,-2.3,14.0,11.6
OO,PUB,0.0,8.0,8.0
UA,LGA,13.1,23.5,36.1
UA,EWR,16.8,23.3,39.8
UA,FAT,5.4,11.9,17.3
UA,AVL,64.9,17.3,80.6
UA,HDN,9.3,16.2,25.5
UA,SFO,13.3,22.5,35.7
UA,BQN,45.5,11.4,56.1
UA,BTV,4.8,15.4,19.5
UA,LAX,9.3,20.1,29.3
UA,PWM,14.4,13.1,27.6
UA,BOS,17.8,18.0,35.5
UA,SBA,6.9,13.9,20.8
UA,MTJ,21.2,13.8,35.1
UA,PHL,7.8,20.3,27.9
UA,ORD,12.2,20.8,32.8
UA,JAC,9.1,15.3,24.3
UA,FLL,9.8,18.2,27.6
UA,MIA,13.1,18.5,31.4
UA,FSD,4.7,14.7,19.4
UA,PBI,18.7,16.4,34.7
UA,PSP,7.6,14.1,21.6
UA,MFR,11.9,13.8,25.7
UA,EGE,15.2,17.4,32.1
UA,DTW,13.7,17.1,30.7
UA,SYR,12.5,15.6,28.2
UA,IAD,12.3,18.1,30.1
UA,GUC,3.3,16.3,19.5
UA,DCA,7.3,17.3,24.1
UA,DFW,11.9,18.1,29.9
UA,SEA,9.3,18.5,27.7
UA,RIC,11.4,15.5,26.9
UA,CLT,9.8,18.6,28.3
UA,CID,15.0,15.7,30.6
UA,BUF,15.4,13.8,29.2
UA,RDU,11.6,17.1,28.5
UA,MSP,10.1,18.2,28.0
UA,MCO,12.1,15.9,27.7
UA,MSO,0.0,10.0,10.0
UA,DEN,9.7,16.7,26.3
UA,CHS,17.8,13.3,31.1
UA,ATL,14.2,20.6,34.6
UA,GRR,1.1,18.1,19.3
UA,SJU,14.9,13.6,28.4
UA,LAS,11.0,17.0,28.0
UA,SRQ,15.4,14.0,29.5
UA,TYS,48.6,16.4,64.4
UA,ROC,8.5,16.0,24.6
UA,MEM,19.0,16.5,35.0
UA,IAH,11.7,18.2,29.4
UA,SAV,-2.4,14.1,11.7
UA,EUG,12.1,14.3,26.3
UA,SAN,10.7,17.7,28.3
UA,CLE,10.5,14.6,25.0
UA,BUR,16.1,17.0,32.9
UA,ALB,12.8,14.9,27.6
UA,SLC,15.6,14.2,29.7
UA,JAX,21.3,13.6,34.7
UA,BZN,12.8,14.8,27.5
UA,STT,8.8,12.6,21.1
UA,BNA,11.5,16.4,27.6
UA,PHX,6.8,13.5,20.3
UA,CVG,29.9,19.3,49.2
UA,MSY,15.9,12.7,28.4
UA,ORF,17.4,13.1,30.2
UA,MSN,6.9,12.2,19.1
UA,BWI,10.1,13.0,23.0
UA,MDT,5.2,14.3,19.5
UA,TUS,9.3,12.1,21.4
UA,RSW,10.0,13.8,23.6
UA,ONT,11.4,13.2,24.5
UA,TPA,11.2,14.0,25.1
UA,BOI,1.3,14.1,15.5
UA,FCA,7.8,12.9,20.7
UA,PDX,12.5,12.5,24.9
UA,MYR,19.8,16.2,35.5
UA,OMA,9.7,15.7,25.4
UA,DSM,4.3,14.0,18.4
UA,MKE,7.4,14.3,21.7
UA,SAT,8.2,13.3,21.3
UA,IND,7.9,14.2,22.1
UA,GEG,2.7,14.4,17.1
UA,STL,22.5,13.0,35.6
UA,AUS,10.1,14.8,24.8
UA,SNA,9.5,14.9,24.2
UA,CMH,10.6,14.5,25.1
UA,TUL,6.5,11.4,17.5
UA,MCI,9.4,14.8,24.0
UA,SJC,3.8,14.2,17.9
UA,RNO,6.5,13.0,19.2
UA,ABQ,9.2,11.6,20.7
UA,OKC,5.4,12.2,17.1
UA,ANC,1.0,13.4,14.4
UA,ICT,8.0,12.8,20.8
UA,PIT,4.7,13.7,18.3
UA,MFE,6.0,12.2,17.4
UA,SDF,22.0,22.0,44.0
UA,BDL,9.1,14.7,23.7
UA,SMF,5.6,12.0,17.5
UA,HNL,13.6,18.6,32.1
UA,GUM,7.1,13.5,20.6
UA,BIL,4.4,13.6,17.9
UA,OGG,7.2,11.5,18.7
UA,FAI,2.8,12.0,14.8
UA,KOA,5.6,12.6,18.2
UA,LIH,9.4,10.4,19.7
UA,ITO,3.7,12.1,15.8
VX,LGA,11.4,23.6,34.1
VX,JFK,17.4,26.6,43.7
VX,EWR,18.8,21.6,40.3
VX,SFO,15.8,17.8,33.3
VX,LAX,21.3,18.1,39.3
VX,BOS,19.8,20.3,39.6
VX,PHL,7.3,19.0,25.6
VX,ORD,19.7,19.5,39.2
VX,FLL,22.2,17.7,39.5
VX,PSP,18.9,12.6,31.2
VX,IAD,9.5,15.1,24.4
VX,DCA,9.8,17.7,27.0
VX,SEA,25.5,17.7,43.1
VX,RDU,5.8,10.3,16.2
VX,MCO,13.3,15.8,28.7
VX,DEN,14.6,16.9,31.2
VX,LAS,18.8,18.7,37.1
VX,SAN,26.3,17.7,43.3
VX,DAL,12.2,13.2,25.3
VX,BNA,14.5,19.1,33.6
VX,MSY,37.0,13.1,50.1
VX,BWI,12.7,15.3,28.0
VX,PDX,21.4,14.9,36.0
VX,IND,3.4,14.6,18.0
VX,AUS,10.1,12.7,22.9
VX,HNL,13.1,18.8,31.8
VX,OGG,22.7,10.1,32.8
VX,KOA,86.0,9.0,95.0
WN,LGA,17.6,23.3,40.0
WN,EWR,19.3,20.6,39.6
WN,SFO,19.4,18.2,36.6
WN,LAX,20.5,13.9,34.1
WN,PWM,13.9,10.1,23.8
WN,BOS,13.2,18.6,31.3
WN,PHL,13.1,17.4,30.1
WN,FLL,13.0,17.0,29.7
WN,PBI,11.8,11.7,23.1
WN,DTW,8.5,13.5,21.9
WN,CAK,4.3,11.5,15.8
WN,IAD,11.7,15.1,26.7
WN,DCA,12.4,16.1,28.1
WN,GSP,11.2,12.9,24.1
WN,SEA,13.3,17.7,30.9
WN,RIC,8.2,13.4,21.4
WN,CLT,12.5,15.4,27.5
WN,BUF,14.8,11.1,25.7
WN,RDU,14.0,10.3,24.1
WN,MSP,8.0,13.3,21.3
WN,MCO,11.6,11.9,23.4
WN,DEN,13.1,14.2,27.2
WN,CHS,7.5,10.5,18.0
WN,ATL,13.0,15.8,28.5
WN,GRR,7.9,12.5,20.3
WN,SJU,9.2,15.1,23.8
WN,LAS,14.2,13.3,27.4
WN,FNT,5.7,14.1,19.4
WN,ROC,5.0,10.5,15.3
WN,MEM,12.6,10.3,22.7
WN,SAN,11.7,12.7,24.2
WN,CLE,10.0,11.1,20.9
WN,BUR,13.2,11.7,24.7
WN,ALB,12.1,10.4,22.2
WN,SLC,11.5,13.0,24.4
WN,BHM,15.4,9.5,24.8
WN,JAX,9.5,11.4,20.7
WN,DAL,14.1,11.9,25.8
WN,DAY,3.9,9.9,13.8
WN,HOU,14.1,11.5,25.3
WN,BNA,13.1,10.4,23.4
WN,MAF,14.8,9.4,24.0
WN,LGB,8.5,9.7,18.2
WN,PHX,12.8,11.4,24.1
WN,CVG,5.0,10.8,15.5
WN,MSY,12.5,9.6,22.0
WN,ORF,9.4,9.9,19.0
WN,BWI,10.5,13.3,23.6
WN,TUS,9.5,10.1,19.5
WN,RSW,10.5,11.3,21.7
WN,ONT,11.1,9.1,20.2
WN,TPA,12.5,11.1,23.3
WN,BOI,8.9,9.7,18.5
WN,MDW,12.4,11.8,24.1
WN,PDX,11.4,11.0,22.3
WN,LIT,12.9,8.9,21.8
WN,OAK,12.3,12.1,24.3
WN,PVD,9.3,11.0,20.1
WN,OMA,9.8,10.2,19.9
WN,LBB,11.4,8.7,20.1
WN,DSM,8.1,8.9,16.9
WN,MKE,9.0,11.6,20.5
WN,SAT,11.6,10.6,22.1
WN,IND,10.2,10.9,20.9
WN,GEG,8.5,10.6,19.0
WN,STL,12.6,9.8,22.3
WN,AUS,10.5,11.7,22.1
WN,ELP,13.0,10.6,23.6
WN,SNA,12.5,10.6,23.0
WN,CMH,10.7,10.4,21.0
WN,ECP,10.3,8.8,19.0
WN,TUL,7.0,10.3,17.3
WN,MCI,10.0,10.1,20.0
WN,SJC,12.3,10.4,22.6
WN,RNO,9.7,11.0,20.6
WN,ABQ,13.2,9.8,22.9
WN,OKC,10.6,9.8,20.2
WN,ICT,9.8,9.3,19.2
WN,PIT,9.4,11.6,20.8
WN,ISP,8.5,10.1,18.5
WN,SDF,6.1,10.6,16.5
WN,BDL,8.4,10.4,18.6
WN,PNS,11.9,8.9,20.8
WN,SMF,9.8,10.0,19.8
WN,AMA,13.4,10.2,23.5
WN,HRL,9.4,9.4,18.6
WN,MHT,5.7,10.8,16.3
WN,CRP,6.3,13.4,19.2
